{
  "features": [
    0,
    1,
    2,
    3,
    4,
    5,
    6,
    7,
    8,
    9,
    10,
    11
  ],
  "covariates_adjusted": [
    "grade",
    "clinical_type"
  ],
  "n_train_patients": 281,
  "n_events": 79,
  "cv_folds": 5,
  "c_index_cv": 0.4451,
  "c_index_ci_95": [
    0.371,
    0.5145
  ],
  "c_index_in_sample": 0.5968,
  "c_index_out_of_fold": 0.4451,
  "optimism_gap": 0.1517,
  "calibration_slope": -1.482,
  "evidence": {
    "n_events": 79,
    "n_patients": 281,
    "n_hypotheses_tested": 12,
    "q_fdr_min": 0.2903,
    "p_selection_aware": 0.4396,
    "min_detectable_hr": 1.371,
    "c_index_cv": 0.4451,
    "c_index_ci_95": [
      0.371,
      0.5145
    ],
    "calibration_slope": -1.482,
    "verdict": "insufficient evidence",
    "verdict_reason": "cross-validated c-index CI includes 0.5 (lower bound 0.37); selection-aware p = 0.44."
  },
  "coefficients": {
    "0": {
      "coef": -0.014146292962000581,
      "hr_per_sd": 0.9859532956838234,
      "ci_95": [
        0.8894502180506245,
        1.0929267108397787
      ],
      "p": 0.7877970077017932
    },
    "1": {
      "coef": -0.0210236821039393,
      "hr_per_sd": 0.9791957748787528,
      "ci_95": [
        0.8823987370894091,
        1.0866112169460733
      ],
      "p": 0.6921972669345084
    },
    "2": {
      "coef": 0.023602956287785713,
      "hr_per_sd": 1.0238837105861995,
      "ci_95": [
        0.9238790209556264,
        1.1347133434412249
      ],
      "p": 0.6526315270746628
    },
    "3": {
      "coef": -0.05294380283358039,
      "hr_per_sd": 0.9484333102492664,
      "ci_95": [
        0.8533847992700977,
        1.0540681586545109
      ],
      "p": 0.3257834327178943
    },
    "4": {
      "coef": 0.00422359595558085,
      "hr_per_sd": 1.004232527907537,
      "ci_95": [
        0.9064777890177126,
        1.1125291566166067
      ],
      "p": 0.935576326788248
    },
    "5": {
      "coef": 0.005284769072276374,
      "hr_per_sd": 1.0052987580964141,
      "ci_95": [
        0.9055529077129801,
        1.1160315255158078
      ],
      "p": 0.9210393624809038
    },
    "6": {
      "coef": -0.002167744812840873,
      "hr_per_sd": 0.9978346030491176,
      "ci_95": [
        0.8975478343923186,
        1.109326831272795
      ],
      "p": 0.9680038809382367
    },
    "7": {
      "coef": 0.0028135781202959825,
      "hr_per_sd": 1.0028175399459796,
      "ci_95": [
        0.9038223197087086,
        1.1126556586336716
      ],
      "p": 0.957686676317681
    },
    "8": {
      "coef": 0.043534619166076725,
      "hr_per_sd": 1.0444961532719226,
      "ci_95": [
        0.9430139212190285,
        1.1568993730119599
      ],
      "p": 0.4038174597646341
    },
    "9": {
      "coef": -0.00235691645796805,
      "hr_per_sd": 0.9976458588887785,
      "ci_95": [
        0.8996611396796884,
        1.1063023797074196
      ],
      "p": 0.96435894547667
    },
    "10": {
      "coef": 0.00686116798482523,
      "hr_per_sd": 1.0068847597226447,
      "ci_95": [
        0.9014213263486526,
        1.1246870799788498
      ],
      "p": 0.9032632658406697
    },
    "11": {
      "coef": 0.043493921199663076,
      "hr_per_sd": 1.0444536452675581,
      "ci_95": [
        0.9429244604615755,
        1.1569149628154587
      ],
      "p": 0.4045060928923496
    }
  },
  "_source": "real_basel"
}